[{"model": "todo.project", "pk": 1, "fields": {"name": "Python", "type": 1, "status": 1, "owner": 1, "create_time": "2020-09-19T00:00:00Z", "update_time": "2020-09-30T15:06:44.642Z", "comment": "\u68b3\u7406"}}, {"model": "todo.project", "pk": 2, "fields": {"name": "\u6570\u636e\u5e93", "type": 1, "status": 1, "owner": 1, "create_time": "2020-09-19T00:00:00Z", "update_time": "2020-09-30T14:52:59.477Z", "comment": "\u68b3\u7406"}}, {"model": "todo.project", "pk": 3, "fields": {"name": "\u8ba1\u7b97\u673a\u7f51\u7edc", "type": 1, "status": 1, "owner": 1, "create_time": "2020-09-19T00:00:00Z", "update_time": "2020-09-30T14:52:21.367Z", "comment": "\u68b3\u7406"}}, {"model": "todo.project", "pk": 4, "fields": {"name": "\u5927\u6570\u636e", "type": 1, "status": 1, "owner": 1, "create_time": "2020-09-19T00:00:00Z", "update_time": "2020-09-30T14:52:04.910Z", "comment": "\u68b3\u7406"}}, {"model": "todo.project", "pk": 5, "fields": {"name": "\u64cd\u4f5c\u7cfb\u7edf", "type": 1, "status": 1, "owner": 1, "create_time": "2020-09-19T00:00:00Z", "update_time": "2020-09-30T14:51:58.363Z", "comment": "\u68b3\u7406"}}, {"model": "todo.project", "pk": 6, "fields": {"name": "\u7b97\u6cd5", "type": 1, "status": 1, "owner": 1, "create_time": "2020-09-19T00:00:00Z", "update_time": "2020-09-30T14:51:37.907Z", "comment": "\u68b3\u7406"}}, {"model": "todo.project", "pk": 7, "fields": {"name": "\u7cfb\u7edf\u8bbe\u8ba1", "type": 1, "status": 1, "owner": 1, "create_time": "2020-09-19T00:00:00Z", "update_time": "2020-09-30T14:51:27.514Z", "comment": "\u68b3\u7406"}}, {"model": "todo.project", "pk": 8, "fields": {"name": "\u5176\u4ed6", "type": 4, "status": 1, "owner": 1, "create_time": "2020-09-29T00:00:00Z", "update_time": "2020-09-30T14:50:45.412Z", "comment": "\u5176\u4ed6\uff0c\u4e34\u65f6\u5f31\u5173\u8054\u4efb\u52a1"}}, {"model": "todo.project", "pk": 9, "fields": {"name": "\u6807\u7b7e\u7cfb\u7edf", "type": 2, "status": 1, "owner": 1, "create_time": "2020-09-29T00:00:00Z", "update_time": "2020-09-30T14:49:08.508Z", "comment": "\u6807\u7b7e\u7cfb\u7edf"}}, {"model": "todo.project", "pk": 10, "fields": {"name": "\u4ea7\u54c1\u7aef", "type": 2, "status": 1, "owner": 1, "create_time": "2020-09-29T00:00:00Z", "update_time": "2020-09-30T14:46:09.550Z", "comment": "\u4ea7\u54c1\u7aef"}}, {"model": "todo.project", "pk": 11, "fields": {"name": "\u753b\u50cf", "type": 2, "status": 1, "owner": 1, "create_time": "2020-09-29T00:00:00Z", "update_time": "2020-09-30T14:45:47.344Z", "comment": "\u753b\u50cf"}}, {"model": "todo.project", "pk": 12, "fields": {"name": "\u4e34\u6563\u53d6\u6570", "type": 2, "status": 1, "owner": 1, "create_time": "2020-09-29T00:00:00Z", "update_time": "2020-09-30T14:45:13.714Z", "comment": "\u4e34\u6563\u53d6\u6570"}}, {"model": "todo.project", "pk": 13, "fields": {"name": "\u5ba2\u6237\u6210\u529f", "type": 2, "status": 1, "owner": 1, "create_time": "2020-09-29T00:00:00Z", "update_time": "2020-09-30T14:44:55.219Z", "comment": "\u5ba2\u6237\u6210\u529f"}}, {"model": "todo.project", "pk": 14, "fields": {"name": "\u65b0\u7279\u6027\u5206\u6790", "type": 2, "status": 1, "owner": 1, "create_time": "2020-09-29T00:00:00Z", "update_time": "2020-09-30T14:44:40.192Z", "comment": "\u65b0\u7279\u6027\u5206\u6790"}}, {"model": "todo.project", "pk": 15, "fields": {"name": "\u5176\u4ed6", "type": 2, "status": 1, "owner": 1, "create_time": "2020-09-29T00:00:00Z", "update_time": "2020-09-30T14:44:12.348Z", "comment": "\u5de5\u4f5c\u4e2d\u5f31\u5173\u8054\u4efb\u52a1"}}, {"model": "todo.task", "pk": 1, "fields": {"project": 1, "keyword": "\u5ed6\u96ea\u5cf0", "status": 1, "create_time": "2020-09-19T00:00:00Z", "update_time": "2020-09-30T13:24:40.728Z", "description": "\u5ed6\u96ea\u5cf0 python \u6559\u7a0b"}}, {"model": "todo.task", "pk": 2, "fields": {"project": 1, "keyword": "itcast", "status": 1, "create_time": "2020-09-19T00:00:00Z", "update_time": "2020-09-19T00:00:00Z", "description": "itcast python \u5168\u5957\u6559\u7a0b"}}, {"model": "todo.task", "pk": 3, "fields": {"project": 1, "keyword": "\u5b98\u65b9\u6587\u6863", "status": 1, "create_time": "2020-09-19T00:00:00Z", "update_time": "2020-09-30T13:24:40.729Z", "description": "python \u5b98\u65b9\u6587\u6863"}}, {"model": "todo.task", "pk": 4, "fields": {"project": 2, "keyword": "\u6570\u636e\u5e93\u7cfb\u7edf\u539f\u7406", "status": 1, "create_time": "2020-09-19T00:00:00Z", "update_time": "2020-09-30T14:52:59.479Z", "description": "csnotes \u6570\u636e\u5e93\u7cfb\u7edf\u539f\u7406"}}, {"model": "todo.task", "pk": 5, "fields": {"project": 2, "keyword": "mysql", "status": 1, "create_time": "2020-09-19T00:00:00Z", "update_time": "2020-09-30T14:52:59.480Z", "description": "csnotes mysql"}}, {"model": "todo.task", "pk": 6, "fields": {"project": 2, "keyword": "mysql \u9762\u8bd5\u9898", "status": 1, "create_time": "2020-09-19T00:00:00Z", "update_time": "2020-09-30T14:52:59.481Z", "description": "mysql 13 \u95ee"}}, {"model": "todo.task", "pk": 7, "fields": {"project": 8, "keyword": "\u73af\u5883\u7ef4\u62a4", "status": 1, "create_time": "2020-09-29T00:00:00Z", "update_time": "2020-09-30T14:50:45.413Z", "description": "\u73af\u5883\u7ef4\u62a4"}}, {"model": "todo.task", "pk": 8, "fields": {"project": 8, "keyword": "\u6d4f\u89c8\u4e0e\u67e5\u627e", "status": 1, "create_time": "2020-09-29T00:00:00Z", "update_time": "2020-09-30T14:50:45.414Z", "description": "\u6d4f\u89c8\u4e0e\u67e5\u627e\u8d44\u6e90"}}, {"model": "todo.task", "pk": 9, "fields": {"project": 1, "keyword": "\u5fae\u4fe1\u516c\u4f17\u53f7", "status": 1, "create_time": "2020-09-29T00:00:00Z", "update_time": "2020-09-30T13:24:40.730Z", "description": "\u5fae\u4fe1\u516c\u4f17\u53f7 Python \u8d44\u6599"}}, {"model": "todo.task", "pk": 10, "fields": {"project": 9, "keyword": "\u6807\u7b7e\u5bf9\u8c61\u7ba1\u7406", "status": 1, "create_time": "2020-09-21T00:00:00Z", "update_time": "2020-09-30T14:49:08.509Z", "description": "\u6807\u7b7e\u5bf9\u8c61\u7ba1\u7406"}}, {"model": "todo.task", "pk": 11, "fields": {"project": 9, "keyword": "\u6807\u7b7e\u6570\u636e\u6c60", "status": 1, "create_time": "2020-09-21T00:00:00Z", "update_time": "2020-09-30T14:49:08.510Z", "description": "\u6807\u7b7e\u6570\u636e\u6c60"}}, {"model": "todo.task", "pk": 12, "fields": {"project": 9, "keyword": "\u6807\u7b7e\u6a21\u578b\u5b9a\u4e49\u4e0e\u89e3\u6790", "status": 1, "create_time": "2020-09-21T00:00:00Z", "update_time": "2020-09-30T14:49:08.511Z", "description": "\u6807\u7b7e\u6a21\u578b\u5b9a\u4e49\u4e0e\u89e3\u6790"}}, {"model": "todo.task", "pk": 13, "fields": {"project": 9, "keyword": "\u6807\u7b7e\u6570\u636e\u8fd0\u7b97\u4e0e\u8c03\u5ea6", "status": 1, "create_time": "2020-09-21T00:00:00Z", "update_time": "2020-09-30T14:49:08.512Z", "description": "\u6807\u7b7e\u6570\u636e\u8fd0\u7b97\u4e0e\u8c03\u5ea6"}}, {"model": "todo.task", "pk": 14, "fields": {"project": 9, "keyword": "\u6807\u7b7e\u4ed3\u5e93\u4e0e\u5e94\u7528", "status": 1, "create_time": "2020-09-21T00:00:00Z", "update_time": "2020-09-30T14:49:08.513Z", "description": "\u6807\u7b7e\u4ed3\u5e93\u4e0e\u5e94\u7528"}}, {"model": "todo.task", "pk": 15, "fields": {"project": 9, "keyword": "\u6807\u7b7e\u6743\u9650", "status": 1, "create_time": "2020-09-21T00:00:00Z", "update_time": "2020-09-30T14:49:08.514Z", "description": "\u6807\u7b7e\u6743\u9650\u7ba1\u7406"}}, {"model": "todo.task", "pk": 16, "fields": {"project": 10, "keyword": "\u8d44\u8baf\u63a8\u9001", "status": 1, "create_time": "2020-09-21T00:00:00Z", "update_time": "2020-09-30T14:46:09.551Z", "description": "\u8d44\u8baf\u63a8\u9001\u7ef4\u62a4"}}, {"model": "todo.task", "pk": 17, "fields": {"project": 10, "keyword": "\u65e5\u5fd7\u670d\u52a1", "status": 1, "create_time": "2020-09-21T00:00:00Z", "update_time": "2020-09-30T14:46:09.552Z", "description": "\u65e5\u5fd7\u670d\u52a1"}}, {"model": "todo.task", "pk": 18, "fields": {"project": 11, "keyword": "\u5ba2\u6237\u753b\u50cf", "status": 1, "create_time": "2020-09-21T00:00:00Z", "update_time": "2020-09-30T14:45:47.345Z", "description": "\u5ba2\u6237\u753b\u50cf\u7ef4\u62a4"}}, {"model": "todo.task", "pk": 19, "fields": {"project": 11, "keyword": "\u7528\u6237\u753b\u50cf", "status": 1, "create_time": "2020-09-21T00:00:00Z", "update_time": "2020-09-30T14:45:47.346Z", "description": "\u7528\u6237\u753b\u50cf\u7ef4\u62a4"}}, {"model": "todo.task", "pk": 20, "fields": {"project": 12, "keyword": "\u4e34\u6563\u53d6\u6570", "status": 1, "create_time": "2020-09-21T00:00:00Z", "update_time": "2020-09-30T14:45:13.716Z", "description": "\u4e34\u6563\u53d6\u6570"}}, {"model": "todo.task", "pk": 21, "fields": {"project": 13, "keyword": "\u5ba2\u6237\u6210\u529f", "status": 1, "create_time": "2020-09-21T00:00:00Z", "update_time": "2020-09-30T14:44:55.220Z", "description": "\u5ba2\u6237\u6210\u529f\u7ef4\u62a4"}}, {"model": "todo.task", "pk": 22, "fields": {"project": 14, "keyword": "\u65b0\u7279\u6027\u5206\u6790", "status": 1, "create_time": "2020-09-21T00:00:00Z", "update_time": "2020-09-30T14:44:40.194Z", "description": "\u65b0\u7279\u6027\u5206\u6790\u7684\u7ef4\u62a4"}}, {"model": "todo.task", "pk": 23, "fields": {"project": 15, "keyword": "\u5176\u4ed6", "status": 1, "create_time": "2020-09-21T00:00:00Z", "update_time": "2020-09-30T14:44:12.349Z", "description": "\u5de5\u4f5c\u4e2d\u5f31\u5173\u8054\u4efb\u52a1"}}, {"model": "todo.schedule", "pk": 1, "fields": {"keyword": "learning", "status": 2, "create_time": "2020-09-19T00:00:00Z", "update_time": "2020-09-19T00:00:00Z", "start_time": "2020-09-19T00:00:00Z", "end_time": "2020-09-19T00:00:00Z", "comment": " "}}, {"model": "todo.schedule", "pk": 2, "fields": {"keyword": "learning", "status": 2, "create_time": "2020-09-20T00:00:00Z", "update_time": "2020-09-20T00:00:00Z", "start_time": "2020-09-20T00:00:00Z", "end_time": "2020-09-20T00:00:00Z", "comment": " "}}, {"model": "todo.schedule", "pk": 3, "fields": {"keyword": "learning", "status": 2, "create_time": "2020-09-21T00:00:00Z", "update_time": "2020-09-21T00:00:00Z", "start_time": "2020-09-21T00:00:00Z", "end_time": "2020-09-21T00:00:00Z", "comment": " "}}, {"model": "todo.schedule", "pk": 4, "fields": {"keyword": "learning", "status": 2, "create_time": "2020-09-22T00:00:00Z", "update_time": "2020-09-22T00:00:00Z", "start_time": "2020-09-22T00:00:00Z", "end_time": "2020-09-22T00:00:00Z", "comment": " "}}, {"model": "todo.schedule", "pk": 5, "fields": {"keyword": "learning", "status": 2, "create_time": "2020-09-23T00:00:00Z", "update_time": "2020-09-23T00:00:00Z", "start_time": "2020-09-23T00:00:00Z", "end_time": "2020-09-23T00:00:00Z", "comment": " "}}, {"model": "todo.schedule", "pk": 6, "fields": {"keyword": "learning", "status": 2, "create_time": "2020-09-24T00:00:00Z", "update_time": "2020-09-24T00:00:00Z", "start_time": "2020-09-24T00:00:00Z", "end_time": "2020-09-24T00:00:00Z", "comment": " "}}, {"model": "todo.schedule", "pk": 7, "fields": {"keyword": "learning", "status": 2, "create_time": "2020-09-25T00:00:00Z", "update_time": "2020-09-25T00:00:00Z", "start_time": "2020-09-25T00:00:00Z", "end_time": "2020-09-25T00:00:00Z", "comment": " "}}, {"model": "todo.schedule", "pk": 8, "fields": {"keyword": "learning", "status": 2, "create_time": "2020-09-26T00:00:00Z", "update_time": "2020-09-26T00:00:00Z", "start_time": "2020-09-26T00:00:00Z", "end_time": "2020-09-26T00:00:00Z", "comment": " "}}, {"model": "todo.schedule", "pk": 9, "fields": {"keyword": "learning", "status": 2, "create_time": "2020-09-27T00:00:00Z", "update_time": "2020-09-27T00:00:00Z", "start_time": "2020-09-27T00:00:00Z", "end_time": "2020-09-27T00:00:00Z", "comment": " "}}, {"model": "todo.schedule", "pk": 10, "fields": {"keyword": "learning", "status": 2, "create_time": "2020-09-28T00:00:00Z", "update_time": "2020-09-28T00:00:00Z", "start_time": "2020-09-28T00:00:00Z", "end_time": "2020-09-28T00:00:00Z", "comment": " "}}, {"model": "todo.schedule", "pk": 11, "fields": {"keyword": "\u5b66\u4e60\u4e0e\u68b3\u7406", "status": 1, "create_time": "2020-09-29T00:00:00Z", "update_time": "2020-09-30T15:01:25.287Z", "start_time": "2020-09-29T00:00:00Z", "end_time": "2020-10-08T12:00:00Z", "comment": "\u5b66\u4e60\u4e0e\u68b3\u7406"}}, {"model": "todo.schedule", "pk": 12, "fields": {"keyword": "label system", "status": 2, "create_time": "2020-09-21T00:00:00Z", "update_time": "2020-09-21T00:00:00Z", "start_time": "2020-09-21T00:00:00Z", "end_time": "2020-09-25T00:00:00Z", "comment": " "}}, {"model": "todo.schedule", "pk": 13, "fields": {"keyword": "data analysis", "status": 2, "create_time": "2020-09-21T00:00:00Z", "update_time": "2020-09-21T00:00:00Z", "start_time": "2020-09-21T00:00:00Z", "end_time": "2020-09-25T00:00:00Z", "comment": " "}}, {"model": "todo.schedule", "pk": 14, "fields": {"keyword": "galaxy", "status": 2, "create_time": "2020-09-21T00:00:00Z", "update_time": "2020-09-21T00:00:00Z", "start_time": "2020-09-21T00:00:00Z", "end_time": "2020-09-25T00:00:00Z", "comment": " "}}, {"model": "todo.schedule", "pk": 15, "fields": {"keyword": "data access", "status": 2, "create_time": "2020-09-21T00:00:00Z", "update_time": "2020-09-21T00:00:00Z", "start_time": "2020-09-21T00:00:00Z", "end_time": "2020-09-25T00:00:00Z", "comment": " "}}, {"model": "todo.schedule", "pk": 16, "fields": {"keyword": "customer success", "status": 2, "create_time": "2020-09-21T00:00:00Z", "update_time": "2020-09-21T00:00:00Z", "start_time": "2020-09-21T00:00:00Z", "end_time": "2020-09-25T00:00:00Z", "comment": " "}}, {"model": "todo.schedule", "pk": 17, "fields": {"keyword": "working other", "status": 2, "create_time": "2020-09-21T00:00:00Z", "update_time": "2020-09-21T00:00:00Z", "start_time": "2020-09-21T00:00:00Z", "end_time": "2020-09-25T00:00:00Z", "comment": " "}}, {"model": "todo.schedule", "pk": 18, "fields": {"keyword": "\u6807\u7b7e\u7cfb\u7edf", "status": 1, "create_time": "2020-09-29T00:00:00Z", "update_time": "2020-09-30T14:56:33.907Z", "start_time": "2020-09-27T00:00:00Z", "end_time": "2020-09-30T00:00:00Z", "comment": "\u6807\u7b7e\u7cfb\u7edf"}}, {"model": "todo.schedule", "pk": 19, "fields": {"keyword": "\u6570\u636e\u5206\u6790", "status": 1, "create_time": "2020-09-29T00:00:00Z", "update_time": "2020-09-30T14:56:14.058Z", "start_time": "2020-09-27T00:00:00Z", "end_time": "2020-09-30T00:00:00Z", "comment": "\u6570\u636e\u5206\u6790"}}, {"model": "todo.schedule", "pk": 20, "fields": {"keyword": "\u4ea7\u54c1\u7aef", "status": 1, "create_time": "2020-09-29T00:00:00Z", "update_time": "2020-09-30T14:56:02.639Z", "start_time": "2020-09-27T00:00:00Z", "end_time": "2020-09-30T00:00:00Z", "comment": "\u4ea7\u54c1\u7aef"}}, {"model": "todo.schedule", "pk": 21, "fields": {"keyword": "\u96f6\u6563\u53d6\u6570", "status": 1, "create_time": "2020-09-29T00:00:00Z", "update_time": "2020-09-30T14:55:53.411Z", "start_time": "2020-09-27T00:00:00Z", "end_time": "2020-09-30T00:00:00Z", "comment": "\u96f6\u6563\u53d6\u6570"}}, {"model": "todo.schedule", "pk": 22, "fields": {"keyword": "\u5ba2\u6237\u6210\u529f", "status": 1, "create_time": "2020-09-29T00:00:00Z", "update_time": "2020-09-30T14:55:16.290Z", "start_time": "2020-09-27T00:00:00Z", "end_time": "2020-09-30T00:00:00Z", "comment": "\u5ba2\u6237\u6210\u529f"}}, {"model": "todo.schedule", "pk": 23, "fields": {"keyword": "\u96f6\u6563\u5de5\u4f5c", "status": 1, "create_time": "2020-09-29T00:00:00Z", "update_time": "2020-09-30T15:02:00.557Z", "start_time": "2020-09-27T00:00:00Z", "end_time": "2020-09-30T00:00:00Z", "comment": "\u96f6\u6563\u5de5\u4f5c"}}, {"model": "todo.step", "pk": 1, "fields": {"schedule": 1, "task": 2, "status": 2, "create_time": "2020-09-19T00:00:00Z", "update_time": "2020-09-19T00:00:00Z", "start_time": "2020-09-19T11:40:00Z", "end_time": "2020-09-19T12:30:00Z", "outcome": "django"}}, {"model": "todo.step", "pk": 2, "fields": {"schedule": 1, "task": 2, "status": 2, "create_time": "2020-09-19T00:00:00Z", "update_time": "2020-09-19T00:00:00Z", "start_time": "2020-09-19T12:40:00Z", "end_time": "2020-09-19T13:30:00Z", "outcome": "django"}}, {"model": "todo.step", "pk": 3, "fields": {"schedule": 1, "task": 2, "status": 2, "create_time": "2020-09-19T00:00:00Z", "update_time": "2020-09-19T00:00:00Z", "start_time": "2020-09-19T13:40:00Z", "end_time": "2020-09-19T14:30:00Z", "outcome": "tornado"}}, {"model": "todo.step", "pk": 4, "fields": {"schedule": 1, "task": 2, "status": 2, "create_time": "2020-09-19T00:00:00Z", "update_time": "2020-09-19T00:00:00Z", "start_time": "2020-09-19T14:40:00Z", "end_time": "2020-09-19T15:30:00Z", "outcome": "tornado"}}, {"model": "todo.step", "pk": 5, "fields": {"schedule": 1, "task": 2, "status": 2, "create_time": "2020-09-19T00:00:00Z", "update_time": "2020-09-19T00:00:00Z", "start_time": "2020-09-19T16:40:00Z", "end_time": "2020-09-19T17:30:00Z", "outcome": "celery"}}, {"model": "todo.step", "pk": 6, "fields": {"schedule": 1, "task": 2, "status": 2, "create_time": "2020-09-19T00:00:00Z", "update_time": "2020-09-19T00:00:00Z", "start_time": "2020-09-19T20:15:00Z", "end_time": "2020-09-19T21:05:00Z", "outcome": "flask"}}, {"model": "todo.step", "pk": 7, "fields": {"schedule": 1, "task": 2, "status": 2, "create_time": "2020-09-19T00:00:00Z", "update_time": "2020-09-19T00:00:00Z", "start_time": "2020-09-19T21:15:00Z", "end_time": "2020-09-19T22:05:00Z", "outcome": "redis"}}, {"model": "todo.step", "pk": 8, "fields": {"schedule": 1, "task": 2, "status": 2, "create_time": "2020-09-19T00:00:00Z", "update_time": "2020-09-19T00:00:00Z", "start_time": "2020-09-19T22:15:00Z", "end_time": "2020-09-19T23:05:00Z", "outcome": "shell"}}, {"model": "todo.step", "pk": 9, "fields": {"schedule": 2, "task": 2, "status": 2, "create_time": "2020-09-20T00:00:00Z", "update_time": "2020-09-20T00:00:00Z", "start_time": "2020-09-19T10:40:00Z", "end_time": "2020-09-19T11:30:00Z", "outcome": "\u7f51\u7edc\u7f16\u7a0b udp"}}, {"model": "todo.step", "pk": 10, "fields": {"schedule": 2, "task": 2, "status": 2, "create_time": "2020-09-20T00:00:00Z", "update_time": "2020-09-20T00:00:00Z", "start_time": "2020-09-19T11:40:00Z", "end_time": "2020-09-19T12:30:00Z", "outcome": "\u7f51\u7edc\u7f16\u7a0b \u7ebf\u7a0b"}}, {"model": "todo.step", "pk": 11, "fields": {"schedule": 2, "task": 2, "status": 2, "create_time": "2020-09-20T00:00:00Z", "update_time": "2020-09-20T00:00:00Z", "start_time": "2020-09-19T12:40:00Z", "end_time": "2020-09-19T13:30:00Z", "outcome": "\u7f51\u7edc\u7f16\u7a0b \u7ebf\u7a0b"}}, {"model": "todo.step", "pk": 12, "fields": {"schedule": 3, "task": 2, "status": 2, "create_time": "2020-09-21T00:00:00Z", "update_time": "2020-09-21T00:00:00Z", "start_time": "2020-09-21T12:30:00Z", "end_time": "2020-09-21T13:15:00Z", "outcome": "\u7f51\u7edc\u7f16\u7a0b \u7ebf\u7a0b"}}, {"model": "todo.step", "pk": 13, "fields": {"schedule": 3, "task": 2, "status": 2, "create_time": "2020-09-21T00:00:00Z", "update_time": "2020-09-21T00:00:00Z", "start_time": "2020-09-21T20:50:00Z", "end_time": "2020-09-21T21:35:00Z", "outcome": "\u7f51\u7edc\u7f16\u7a0b \u7ebf\u7a0b\u3001\u8fdb\u7a0b"}}, {"model": "todo.step", "pk": 14, "fields": {"schedule": 3, "task": 2, "status": 2, "create_time": "2020-09-21T00:00:00Z", "update_time": "2020-09-21T00:00:00Z", "start_time": "2020-09-21T21:45:00Z", "end_time": "2020-09-21T22:30:00Z", "outcome": "\u7f51\u7edc\u7f16\u7a0b tcp"}}, {"model": "todo.step", "pk": 15, "fields": {"schedule": 3, "task": 2, "status": 2, "create_time": "2020-09-21T00:00:00Z", "update_time": "2020-09-21T00:00:00Z", "start_time": "2020-09-21T22:40:00Z", "end_time": "2020-09-21T23:25:00Z", "outcome": "\u7f51\u7edc\u7f16\u7a0b \u534f\u7a0b"}}, {"model": "todo.step", "pk": 16, "fields": {"schedule": 3, "task": 2, "status": 2, "create_time": "2020-09-21T00:00:00Z", "update_time": "2020-09-22T00:00:00Z", "start_time": "2020-09-21T23:25:00Z", "end_time": "2020-09-22T00:10:00Z", "outcome": "\u7f51\u7edc\u7f16\u7a0b re"}}, {"model": "todo.step", "pk": 17, "fields": {"schedule": 4, "task": 2, "status": 2, "create_time": "2020-09-22T00:00:00Z", "update_time": "2020-09-22T00:00:00Z", "start_time": "2020-09-22T12:30:00Z", "end_time": "2020-09-22T13:15:00Z", "outcome": "\u7f51\u7edc\u7f16\u7a0b http"}}, {"model": "todo.step", "pk": 18, "fields": {"schedule": 4, "task": 2, "status": 2, "create_time": "2020-09-22T00:00:00Z", "update_time": "2020-09-22T00:00:00Z", "start_time": "2020-09-22T20:40:00Z", "end_time": "2020-09-22T21:25:00Z", "outcome": "\u7f51\u7edc\u7f16\u7a0b web server"}}, {"model": "todo.step", "pk": 19, "fields": {"schedule": 4, "task": 2, "status": 2, "create_time": "2020-09-22T00:00:00Z", "update_time": "2020-09-22T00:00:00Z", "start_time": "2020-09-22T21:35:00Z", "end_time": "2020-09-22T22:20:00Z", "outcome": "\u7f51\u7edc\u7f16\u7a0b web server"}}, {"model": "todo.step", "pk": 20, "fields": {"schedule": 4, "task": 2, "status": 2, "create_time": "2020-09-22T00:00:00Z", "update_time": "2020-09-22T00:00:00Z", "start_time": "2020-09-22T22:30:00Z", "end_time": "2020-09-22T23:15:00Z", "outcome": "\u7f51\u7edc\u7f16\u7a0b web framework"}}, {"model": "todo.step", "pk": 21, "fields": {"schedule": 5, "task": 2, "status": 2, "create_time": "2020-09-23T00:00:00Z", "update_time": "2020-09-23T00:00:00Z", "start_time": "2020-09-23T12:20:00Z", "end_time": "2020-09-23T13:05:00Z", "outcome": "\u7f51\u7edc\u7f16\u7a0b rdbms"}}, {"model": "todo.step", "pk": 22, "fields": {"schedule": 5, "task": 2, "status": 2, "create_time": "2020-09-23T00:00:00Z", "update_time": "2020-09-23T00:00:00Z", "start_time": "2020-09-23T21:50:00Z", "end_time": "2020-09-23T22:35:00Z", "outcome": "\u7f51\u7edc\u7f16\u7a0b \u4f4d\u8fd0\u7b97"}}, {"model": "todo.step", "pk": 23, "fields": {"schedule": 6, "task": 2, "status": 2, "create_time": "2020-09-24T00:00:00Z", "update_time": "2020-09-24T00:00:00Z", "start_time": "2020-09-24T19:50:00Z", "end_time": "2020-09-24T20:35:00Z", "outcome": "\u722c\u866b \u6570\u636e\u6293\u53d6"}}, {"model": "todo.step", "pk": 24, "fields": {"schedule": 6, "task": 2, "status": 2, "create_time": "2020-09-24T00:00:00Z", "update_time": "2020-09-24T00:00:00Z", "start_time": "2020-09-24T20:35:00Z", "end_time": "2020-09-24T21:20:00Z", "outcome": "\u722c\u866b re\uff0cxml, json, bs4"}}, {"model": "todo.step", "pk": 25, "fields": {"schedule": 6, "task": 2, "status": 2, "create_time": "2020-09-24T00:00:00Z", "update_time": "2020-09-24T00:00:00Z", "start_time": "2020-09-24T21:30:00Z", "end_time": "2020-09-24T22:15:00Z", "outcome": "\u722c\u866b selenium, phantomjs, tesseract"}}, {"model": "todo.step", "pk": 26, "fields": {"schedule": 6, "task": 2, "status": 2, "create_time": "2020-09-24T00:00:00Z", "update_time": "2020-09-24T00:00:00Z", "start_time": "2020-09-24T22:30:00Z", "end_time": "2020-09-24T23:15:00Z", "outcome": "\u722c\u866b scrapy"}}, {"model": "todo.step", "pk": 27, "fields": {"schedule": 7, "task": 2, "status": 2, "create_time": "2020-09-25T00:00:00Z", "update_time": "2020-09-25T00:00:00Z", "start_time": "2020-09-25T12:40:00Z", "end_time": "2020-09-25T13:25:00Z", "outcome": "\u722c\u866b scrapy-redis"}}, {"model": "todo.step", "pk": 28, "fields": {"schedule": 7, "task": 2, "status": 2, "create_time": "2020-09-25T00:00:00Z", "update_time": "2020-09-25T00:00:00Z", "start_time": "2020-09-25T21:35:00Z", "end_time": "2020-09-25T22:20:00Z", "outcome": "\u722c\u866b scrapy-redis"}}, {"model": "todo.step", "pk": 29, "fields": {"schedule": 8, "task": 8, "status": 2, "create_time": "2020-09-26T00:00:00Z", "update_time": "2020-09-26T00:00:00Z", "start_time": "2020-09-26T10:20:00Z", "end_time": "2020-09-26T11:05:00Z", "outcome": "review & iqs"}}, {"model": "todo.step", "pk": 30, "fields": {"schedule": 8, "task": 7, "status": 2, "create_time": "2020-09-26T00:00:00Z", "update_time": "2020-09-26T00:00:00Z", "start_time": "2020-09-26T11:15:00Z", "end_time": "2020-09-26T12:00:00Z", "outcome": "navicat isntall\uff0c pandownload"}}, {"model": "todo.step", "pk": 31, "fields": {"schedule": 8, "task": 8, "status": 2, "create_time": "2020-09-26T00:00:00Z", "update_time": "2020-09-26T00:00:00Z", "start_time": "2020-09-26T12:10:00Z", "end_time": "2020-09-26T12:55:00Z", "outcome": "inteview files"}}, {"model": "todo.step", "pk": 32, "fields": {"schedule": 8, "task": 9, "status": 2, "create_time": "2020-09-26T00:00:00Z", "update_time": "2020-09-26T00:00:00Z", "start_time": "2020-09-26T13:05:00Z", "end_time": "2020-09-26T13:30:00Z", "outcome": "algorithm *10"}}, {"model": "todo.step", "pk": 33, "fields": {"schedule": 8, "task": 9, "status": 2, "create_time": "2020-09-26T00:00:00Z", "update_time": "2020-09-26T00:00:00Z", "start_time": "2020-09-26T14:55:00Z", "end_time": "2020-09-26T15:40:00Z", "outcome": "algorithm *10"}}, {"model": "todo.step", "pk": 34, "fields": {"schedule": 8, "task": 9, "status": 2, "create_time": "2020-09-26T00:00:00Z", "update_time": "2020-09-26T00:00:00Z", "start_time": "2020-09-26T15:50:00Z", "end_time": "2020-09-26T16:35:00Z", "outcome": "error top 17"}}, {"model": "todo.step", "pk": 35, "fields": {"schedule": 8, "task": 8, "status": 2, "create_time": "2020-09-26T00:00:00Z", "update_time": "2020-09-26T00:00:00Z", "start_time": "2020-09-26T16:45:00Z", "end_time": "2020-09-26T17:30:00Z", "outcome": "python projects"}}, {"model": "todo.step", "pk": 36, "fields": {"schedule": 8, "task": 5, "status": 2, "create_time": "2020-09-26T00:00:00Z", "update_time": "2020-09-26T00:00:00Z", "start_time": "2020-09-26T20:55:00Z", "end_time": "2020-09-26T21:40:00Z", "outcome": "mysql"}}, {"model": "todo.step", "pk": 37, "fields": {"schedule": 8, "task": 5, "status": 2, "create_time": "2020-09-26T00:00:00Z", "update_time": "2020-09-26T00:00:00Z", "start_time": "2020-09-26T21:50:00Z", "end_time": "2020-09-26T22:50:00Z", "outcome": "mysql"}}, {"model": "todo.step", "pk": 38, "fields": {"schedule": 9, "task": 4, "status": 2, "create_time": "2020-09-27T00:00:00Z", "update_time": "2020-09-27T00:00:00Z", "start_time": "2020-09-27T12:30:00Z", "end_time": "2020-09-27T13:15:00Z", "outcome": "\u6570\u636e\u5e93\u7cfb\u7edf\u539f\u7406"}}, {"model": "todo.step", "pk": 39, "fields": {"schedule": 9, "task": 5, "status": 2, "create_time": "2020-09-27T00:00:00Z", "update_time": "2020-09-27T00:00:00Z", "start_time": "2020-09-27T21:15:00Z", "end_time": "2020-09-27T22:00:00Z", "outcome": "mysql"}}, {"model": "todo.step", "pk": 40, "fields": {"schedule": 9, "task": 5, "status": 2, "create_time": "2020-09-27T00:00:00Z", "update_time": "2020-09-27T00:00:00Z", "start_time": "2020-09-27T22:10:00Z", "end_time": "2020-09-27T22:55:00Z", "outcome": "mysql"}}, {"model": "todo.step", "pk": 41, "fields": {"schedule": 10, "task": 4, "status": 2, "create_time": "2020-09-28T00:00:00Z", "update_time": "2020-09-28T00:00:00Z", "start_time": "2020-09-28T12:00:00Z", "end_time": "2020-09-28T12:55:00Z", "outcome": "\u6570\u636e\u5e93\u7cfb\u7edf\u539f\u7406"}}, {"model": "todo.step", "pk": 42, "fields": {"schedule": 10, "task": 7, "status": 2, "create_time": "2020-09-28T00:00:00Z", "update_time": "2020-09-28T00:00:00Z", "start_time": "2020-09-28T20:30:00Z", "end_time": "2020-09-29T01:00:00Z", "outcome": "todo \u8bbe\u8ba1"}}]