[{"model": "todo.project", "pk": 1, "fields": {"name": "Python", "type": 1, "status": 1, "owner": 1, "create_time": "2020-09-19T00:00:00Z", "update_time": "2020-10-02T09:54:29.512Z", "comment": "\u68b3\u7406"}}, {"model": "todo.project", "pk": 2, "fields": {"name": "\u6570\u636e\u5e93", "type": 1, "status": 1, "owner": 1, "create_time": "2020-09-19T00:00:00Z", "update_time": "2020-10-02T10:09:13.667Z", "comment": "\u68b3\u7406"}}, {"model": "todo.project", "pk": 3, "fields": {"name": "\u8ba1\u7b97\u673a\u7f51\u7edc", "type": 1, "status": 1, "owner": 1, "create_time": "2020-09-19T00:00:00Z", "update_time": "2020-09-30T14:52:21.367Z", "comment": "\u68b3\u7406"}}, {"model": "todo.project", "pk": 4, "fields": {"name": "\u5927\u6570\u636e", "type": 1, "status": 1, "owner": 1, "create_time": "2020-09-19T00:00:00Z", "update_time": "2020-09-30T14:52:04.910Z", "comment": "\u68b3\u7406"}}, {"model": "todo.project", "pk": 5, "fields": {"name": "\u64cd\u4f5c\u7cfb\u7edf", "type": 1, "status": 1, "owner": 1, "create_time": "2020-09-19T00:00:00Z", "update_time": "2020-09-30T14:51:58.363Z", "comment": "\u68b3\u7406"}}, {"model": "todo.project", "pk": 6, "fields": {"name": "\u7b97\u6cd5", "type": 1, "status": 1, "owner": 1, "create_time": "2020-09-19T00:00:00Z", "update_time": "2020-09-30T14:51:37.907Z", "comment": "\u68b3\u7406"}}, {"model": "todo.project", "pk": 7, "fields": {"name": "\u7cfb\u7edf\u8bbe\u8ba1", "type": 1, "status": 1, "owner": 1, "create_time": "2020-09-19T00:00:00Z", "update_time": "2020-09-30T14:51:27.514Z", "comment": "\u68b3\u7406"}}, {"model": "todo.project", "pk": 8, "fields": {"name": "\u5176\u4ed6", "type": 4, "status": 1, "owner": 1, "create_time": "2020-09-29T00:00:00Z", "update_time": "2020-09-30T14:50:45.412Z", "comment": "\u5176\u4ed6\uff0c\u4e34\u65f6\u5f31\u5173\u8054\u4efb\u52a1"}}, {"model": "todo.project", "pk": 9, "fields": {"name": "\u6807\u7b7e\u7cfb\u7edf", "type": 2, "status": 1, "owner": 1, "create_time": "2020-09-29T00:00:00Z", "update_time": "2020-09-30T14:49:08.508Z", "comment": "\u6807\u7b7e\u7cfb\u7edf"}}, {"model": "todo.project", "pk": 10, "fields": {"name": "\u4ea7\u54c1\u7aef", "type": 2, "status": 1, "owner": 1, "create_time": "2020-09-29T00:00:00Z", "update_time": "2020-09-30T14:46:09.550Z", "comment": "\u4ea7\u54c1\u7aef"}}, {"model": "todo.project", "pk": 11, "fields": {"name": "\u753b\u50cf", "type": 2, "status": 1, "owner": 1, "create_time": "2020-09-29T00:00:00Z", "update_time": "2020-09-30T14:45:47.344Z", "comment": "\u753b\u50cf"}}, {"model": "todo.project", "pk": 12, "fields": {"name": "\u4e34\u6563\u53d6\u6570", "type": 2, "status": 1, "owner": 1, "create_time": "2020-09-29T00:00:00Z", "update_time": "2020-09-30T14:45:13.714Z", "comment": "\u4e34\u6563\u53d6\u6570"}}, {"model": "todo.project", "pk": 13, "fields": {"name": "\u5ba2\u6237\u6210\u529f", "type": 2, "status": 1, "owner": 1, "create_time": "2020-09-29T00:00:00Z", "update_time": "2020-09-30T14:44:55.219Z", "comment": "\u5ba2\u6237\u6210\u529f"}}, {"model": "todo.project", "pk": 14, "fields": {"name": "\u65b0\u7279\u6027\u5206\u6790", "type": 2, "status": 1, "owner": 1, "create_time": "2020-09-29T00:00:00Z", "update_time": "2020-09-30T14:44:40.192Z", "comment": "\u65b0\u7279\u6027\u5206\u6790"}}, {"model": "todo.project", "pk": 15, "fields": {"name": "\u5176\u4ed6", "type": 2, "status": 1, "owner": 1, "create_time": "2020-09-29T00:00:00Z", "update_time": "2020-09-30T14:44:12.348Z", "comment": "\u5de5\u4f5c\u4e2d\u5f31\u5173\u8054\u4efb\u52a1"}}, {"model": "todo.project", "pk": 16, "fields": {"name": "\u751f\u6d3b", "type": 3, "status": 1, "owner": 1, "create_time": "2020-10-01T02:00:01.417Z", "update_time": "2020-10-01T02:00:01.417Z", "comment": "\u751f\u6d3b"}}, {"model": "todo.task", "pk": 1, "fields": {"project": 1, "keyword": "\u5ed6\u96ea\u5cf0", "status": 2, "create_time": "2020-09-19T00:00:00Z", "update_time": "2020-10-01T13:59:48.539Z", "description": "\u5ed6\u96ea\u5cf0 python \u6559\u7a0b"}}, {"model": "todo.task", "pk": 2, "fields": {"project": 1, "keyword": "itcast", "status": 2, "create_time": "2020-09-19T00:00:00Z", "update_time": "2020-10-01T13:59:48.540Z", "description": "itcast python \u5168\u5957\u6559\u7a0b"}}, {"model": "todo.task", "pk": 3, "fields": {"project": 1, "keyword": "\u5b98\u65b9\u6587\u6863", "status": 1, "create_time": "2020-09-19T00:00:00Z", "update_time": "2020-09-30T13:24:40.729Z", "description": "python \u5b98\u65b9\u6587\u6863"}}, {"model": "todo.task", "pk": 4, "fields": {"project": 2, "keyword": "\u6570\u636e\u5e93\u7cfb\u7edf\u539f\u7406", "status": 1, "create_time": "2020-09-19T00:00:00Z", "update_time": "2020-09-30T14:52:59.479Z", "description": "csnotes \u6570\u636e\u5e93\u7cfb\u7edf\u539f\u7406"}}, {"model": "todo.task", "pk": 5, "fields": {"project": 2, "keyword": "Mysql", "status": 1, "create_time": "2020-09-19T00:00:00Z", "update_time": "2020-10-02T10:09:13.668Z", "description": "csnotes mysql"}}, {"model": "todo.task", "pk": 6, "fields": {"project": 2, "keyword": "Mysql \u9762\u8bd5\u9898", "status": 1, "create_time": "2020-09-19T00:00:00Z", "update_time": "2020-10-02T10:09:13.669Z", "description": "mysql 13 \u95ee"}}, {"model": "todo.task", "pk": 7, "fields": {"project": 8, "keyword": "\u73af\u5883\u7ef4\u62a4", "status": 1, "create_time": "2020-09-29T00:00:00Z", "update_time": "2020-09-30T14:50:45.413Z", "description": "\u73af\u5883\u7ef4\u62a4"}}, {"model": "todo.task", "pk": 8, "fields": {"project": 8, "keyword": "\u6d4f\u89c8\u4e0e\u67e5\u627e", "status": 1, "create_time": "2020-09-29T00:00:00Z", "update_time": "2020-09-30T14:50:45.414Z", "description": "\u6d4f\u89c8\u4e0e\u67e5\u627e\u8d44\u6e90"}}, {"model": "todo.task", "pk": 9, "fields": {"project": 1, "keyword": "\u5fae\u4fe1\u516c\u4f17\u53f7", "status": 1, "create_time": "2020-09-29T00:00:00Z", "update_time": "2020-09-30T13:24:40.730Z", "description": "\u5fae\u4fe1\u516c\u4f17\u53f7 Python \u8d44\u6599"}}, {"model": "todo.task", "pk": 10, "fields": {"project": 9, "keyword": "\u6807\u7b7e\u5bf9\u8c61\u7ba1\u7406", "status": 2, "create_time": "2020-09-21T00:00:00Z", "update_time": "2020-09-30T14:49:08.509Z", "description": "\u6807\u7b7e\u5bf9\u8c61\u7ba1\u7406"}}, {"model": "todo.task", "pk": 11, "fields": {"project": 9, "keyword": "\u6807\u7b7e\u6570\u636e\u6c60", "status": 2, "create_time": "2020-09-21T00:00:00Z", "update_time": "2020-09-30T14:49:08.510Z", "description": "\u6807\u7b7e\u6570\u636e\u6c60"}}, {"model": "todo.task", "pk": 12, "fields": {"project": 9, "keyword": "\u6807\u7b7e\u6a21\u578b\u5b9a\u4e49\u4e0e\u89e3\u6790", "status": 1, "create_time": "2020-09-21T00:00:00Z", "update_time": "2020-09-30T14:49:08.511Z", "description": "\u6807\u7b7e\u6a21\u578b\u5b9a\u4e49\u4e0e\u89e3\u6790"}}, {"model": "todo.task", "pk": 13, "fields": {"project": 9, "keyword": "\u6807\u7b7e\u6570\u636e\u8fd0\u7b97\u4e0e\u8c03\u5ea6", "status": 1, "create_time": "2020-09-21T00:00:00Z", "update_time": "2020-09-30T14:49:08.512Z", "description": "\u6807\u7b7e\u6570\u636e\u8fd0\u7b97\u4e0e\u8c03\u5ea6"}}, {"model": "todo.task", "pk": 14, "fields": {"project": 9, "keyword": "\u6807\u7b7e\u4ed3\u5e93\u4e0e\u5e94\u7528", "status": 1, "create_time": "2020-09-21T00:00:00Z", "update_time": "2020-09-30T14:49:08.513Z", "description": "\u6807\u7b7e\u4ed3\u5e93\u4e0e\u5e94\u7528"}}, {"model": "todo.task", "pk": 15, "fields": {"project": 9, "keyword": "\u6807\u7b7e\u6743\u9650", "status": 1, "create_time": "2020-09-21T00:00:00Z", "update_time": "2020-09-30T14:49:08.514Z", "description": "\u6807\u7b7e\u6743\u9650\u7ba1\u7406"}}, {"model": "todo.task", "pk": 16, "fields": {"project": 10, "keyword": "\u8d44\u8baf\u63a8\u9001", "status": 1, "create_time": "2020-09-21T00:00:00Z", "update_time": "2020-09-30T14:46:09.551Z", "description": "\u8d44\u8baf\u63a8\u9001\u7ef4\u62a4"}}, {"model": "todo.task", "pk": 17, "fields": {"project": 10, "keyword": "\u65e5\u5fd7\u670d\u52a1", "status": 1, "create_time": "2020-09-21T00:00:00Z", "update_time": "2020-09-30T14:46:09.552Z", "description": "\u65e5\u5fd7\u670d\u52a1"}}, {"model": "todo.task", "pk": 18, "fields": {"project": 11, "keyword": "\u5ba2\u6237\u753b\u50cf", "status": 1, "create_time": "2020-09-21T00:00:00Z", "update_time": "2020-09-30T14:45:47.345Z", "description": "\u5ba2\u6237\u753b\u50cf\u7ef4\u62a4"}}, {"model": "todo.task", "pk": 19, "fields": {"project": 11, "keyword": "\u7528\u6237\u753b\u50cf", "status": 1, "create_time": "2020-09-21T00:00:00Z", "update_time": "2020-09-30T14:45:47.346Z", "description": "\u7528\u6237\u753b\u50cf\u7ef4\u62a4"}}, {"model": "todo.task", "pk": 20, "fields": {"project": 12, "keyword": "\u4e34\u6563\u53d6\u6570", "status": 1, "create_time": "2020-09-21T00:00:00Z", "update_time": "2020-09-30T14:45:13.716Z", "description": "\u4e34\u6563\u53d6\u6570"}}, {"model": "todo.task", "pk": 21, "fields": {"project": 13, "keyword": "\u5ba2\u6237\u6210\u529f", "status": 1, "create_time": "2020-09-21T00:00:00Z", "update_time": "2020-09-30T14:44:55.220Z", "description": "\u5ba2\u6237\u6210\u529f\u7ef4\u62a4"}}, {"model": "todo.task", "pk": 22, "fields": {"project": 14, "keyword": "\u65b0\u7279\u6027\u5206\u6790", "status": 1, "create_time": "2020-09-21T00:00:00Z", "update_time": "2020-09-30T14:44:40.194Z", "description": "\u65b0\u7279\u6027\u5206\u6790\u7684\u7ef4\u62a4"}}, {"model": "todo.task", "pk": 23, "fields": {"project": 15, "keyword": "\u5176\u4ed6", "status": 1, "create_time": "2020-09-21T00:00:00Z", "update_time": "2020-09-30T14:44:12.349Z", "description": "\u5de5\u4f5c\u4e2d\u5f31\u5173\u8054\u4efb\u52a1"}}, {"model": "todo.task", "pk": 24, "fields": {"project": 16, "keyword": "\u505a\u996d", "status": 1, "create_time": "2020-10-01T02:00:01.418Z", "update_time": "2020-10-01T02:00:01.418Z", "description": "\u505a\u996d"}}, {"model": "todo.task", "pk": 25, "fields": {"project": 16, "keyword": "\u5a31\u4e50", "status": 1, "create_time": "2020-10-01T02:00:01.419Z", "update_time": "2020-10-01T02:00:01.419Z", "description": "\u5a31\u4e50"}}, {"model": "todo.task", "pk": 26, "fields": {"project": 16, "keyword": "\u8fd0\u52a8", "status": 1, "create_time": "2020-10-01T02:00:01.420Z", "update_time": "2020-10-01T02:00:01.420Z", "description": "\u8fd0\u52a8"}}, {"model": "todo.task", "pk": 27, "fields": {"project": 16, "keyword": "\u4f11\u95f2", "status": 1, "create_time": "2020-10-01T02:00:01.420Z", "update_time": "2020-10-01T02:00:01.420Z", "description": "\u4f11\u95f2"}}, {"model": "todo.task", "pk": 28, "fields": {"project": 1, "keyword": "Todo", "status": 2, "create_time": "2020-10-01T08:47:02.623Z", "update_time": "2020-10-02T09:54:29.514Z", "description": "\u7ef4\u62a4 Todo"}}, {"model": "todo.schedule", "pk": 11, "fields": {"keyword": "\u5b66\u4e60\u4e0e\u68b3\u7406", "status": 2, "create_time": "2020-09-29T00:00:00Z", "update_time": "2020-10-01T02:42:12.594Z", "start_time": "2020-09-19T00:00:00Z", "end_time": "2020-09-30T12:00:00Z", "comment": "\u5b66\u4e60\u4e0e\u68b3\u7406"}}, {"model": "todo.schedule", "pk": 23, "fields": {"keyword": "\u5468\u8ba1\u5212", "status": 2, "create_time": "2020-09-29T00:00:00Z", "update_time": "2020-10-01T03:01:21.791Z", "start_time": "2020-09-21T00:00:00Z", "end_time": "2020-09-30T00:00:00Z", "comment": "\u5468\u8ba1\u5212"}}, {"model": "todo.schedule", "pk": 24, "fields": {"keyword": "\u56fd\u5e86\u5b66\u4e60\u8ba1\u5212", "status": 1, "create_time": "2020-10-01T02:43:58.344Z", "update_time": "2020-10-02T10:10:24.696Z", "start_time": "2020-10-01T00:00:00Z", "end_time": "2020-10-08T15:00:00Z", "comment": "\u5b66\u4e60\u4e0e\u68b3\u7406"}}, {"model": "todo.action", "pk": 1, "fields": {"schedule": 11, "task": 2, "status": 2, "create_time": "2020-09-19T00:00:00Z", "update_time": "2020-09-19T00:00:00Z", "start_time": "2020-09-19T11:40:00Z", "end_time": "2020-09-19T12:30:00Z", "outcome": "django"}}, {"model": "todo.action", "pk": 2, "fields": {"schedule": 11, "task": 2, "status": 2, "create_time": "2020-09-19T00:00:00Z", "update_time": "2020-09-19T00:00:00Z", "start_time": "2020-09-19T12:40:00Z", "end_time": "2020-09-19T13:30:00Z", "outcome": "django"}}, {"model": "todo.action", "pk": 3, "fields": {"schedule": 11, "task": 2, "status": 2, "create_time": "2020-09-19T00:00:00Z", "update_time": "2020-09-19T00:00:00Z", "start_time": "2020-09-19T13:40:00Z", "end_time": "2020-09-19T14:30:00Z", "outcome": "tornado"}}, {"model": "todo.action", "pk": 4, "fields": {"schedule": 11, "task": 2, "status": 2, "create_time": "2020-09-19T00:00:00Z", "update_time": "2020-09-19T00:00:00Z", "start_time": "2020-09-19T14:40:00Z", "end_time": "2020-09-19T15:30:00Z", "outcome": "tornado"}}, {"model": "todo.action", "pk": 5, "fields": {"schedule": 11, "task": 2, "status": 2, "create_time": "2020-09-19T00:00:00Z", "update_time": "2020-09-19T00:00:00Z", "start_time": "2020-09-19T16:40:00Z", "end_time": "2020-09-19T17:30:00Z", "outcome": "celery"}}, {"model": "todo.action", "pk": 6, "fields": {"schedule": 11, "task": 2, "status": 2, "create_time": "2020-09-19T00:00:00Z", "update_time": "2020-09-19T00:00:00Z", "start_time": "2020-09-19T20:15:00Z", "end_time": "2020-09-19T21:05:00Z", "outcome": "flask"}}, {"model": "todo.action", "pk": 7, "fields": {"schedule": 11, "task": 2, "status": 2, "create_time": "2020-09-19T00:00:00Z", "update_time": "2020-09-19T00:00:00Z", "start_time": "2020-09-19T21:15:00Z", "end_time": "2020-09-19T22:05:00Z", "outcome": "redis"}}, {"model": "todo.action", "pk": 8, "fields": {"schedule": 11, "task": 2, "status": 2, "create_time": "2020-09-19T00:00:00Z", "update_time": "2020-09-19T00:00:00Z", "start_time": "2020-09-19T22:15:00Z", "end_time": "2020-09-19T23:05:00Z", "outcome": "shell"}}, {"model": "todo.action", "pk": 9, "fields": {"schedule": 11, "task": 2, "status": 2, "create_time": "2020-09-20T00:00:00Z", "update_time": "2020-10-01T02:38:57.707Z", "start_time": "2020-09-19T10:40:00Z", "end_time": "2020-09-19T11:30:00Z", "outcome": "\u7f51\u7edc\u7f16\u7a0b | udp"}}, {"model": "todo.action", "pk": 10, "fields": {"schedule": 11, "task": 2, "status": 2, "create_time": "2020-09-20T00:00:00Z", "update_time": "2020-10-01T02:38:57.708Z", "start_time": "2020-09-19T11:40:00Z", "end_time": "2020-09-19T12:30:00Z", "outcome": "\u7f51\u7edc\u7f16\u7a0b | \u7ebf\u7a0b"}}, {"model": "todo.action", "pk": 11, "fields": {"schedule": 11, "task": 2, "status": 2, "create_time": "2020-09-20T00:00:00Z", "update_time": "2020-10-01T02:38:57.709Z", "start_time": "2020-09-19T12:40:00Z", "end_time": "2020-09-19T13:30:00Z", "outcome": "\u7f51\u7edc\u7f16\u7a0b | \u7ebf\u7a0b"}}, {"model": "todo.action", "pk": 12, "fields": {"schedule": 11, "task": 2, "status": 2, "create_time": "2020-09-21T00:00:00Z", "update_time": "2020-10-01T02:38:57.710Z", "start_time": "2020-09-21T12:30:00Z", "end_time": "2020-09-21T13:15:00Z", "outcome": "\u7f51\u7edc\u7f16\u7a0b | \u7ebf\u7a0b"}}, {"model": "todo.action", "pk": 13, "fields": {"schedule": 11, "task": 2, "status": 2, "create_time": "2020-09-21T00:00:00Z", "update_time": "2020-10-01T02:38:57.711Z", "start_time": "2020-09-21T20:50:00Z", "end_time": "2020-09-21T21:35:00Z", "outcome": "\u7f51\u7edc\u7f16\u7a0b | \u7ebf\u7a0b\u3001\u8fdb\u7a0b"}}, {"model": "todo.action", "pk": 14, "fields": {"schedule": 11, "task": 2, "status": 2, "create_time": "2020-09-21T00:00:00Z", "update_time": "2020-10-01T02:38:57.712Z", "start_time": "2020-09-21T21:45:00Z", "end_time": "2020-09-21T22:30:00Z", "outcome": "\u7f51\u7edc\u7f16\u7a0b | tcp"}}, {"model": "todo.action", "pk": 15, "fields": {"schedule": 11, "task": 2, "status": 2, "create_time": "2020-09-21T00:00:00Z", "update_time": "2020-10-01T02:38:57.714Z", "start_time": "2020-09-21T22:40:00Z", "end_time": "2020-09-21T23:25:00Z", "outcome": "\u7f51\u7edc\u7f16\u7a0b | \u534f\u7a0b"}}, {"model": "todo.action", "pk": 16, "fields": {"schedule": 11, "task": 2, "status": 2, "create_time": "2020-09-21T00:00:00Z", "update_time": "2020-10-01T02:38:57.715Z", "start_time": "2020-09-21T23:25:00Z", "end_time": "2020-09-22T00:10:00Z", "outcome": "\u7f51\u7edc\u7f16\u7a0b | re"}}, {"model": "todo.action", "pk": 17, "fields": {"schedule": 11, "task": 2, "status": 2, "create_time": "2020-09-22T00:00:00Z", "update_time": "2020-10-01T02:38:57.716Z", "start_time": "2020-09-22T12:30:00Z", "end_time": "2020-09-22T13:15:00Z", "outcome": "\u7f51\u7edc\u7f16\u7a0b | http"}}, {"model": "todo.action", "pk": 18, "fields": {"schedule": 11, "task": 2, "status": 2, "create_time": "2020-09-22T00:00:00Z", "update_time": "2020-10-01T02:38:57.717Z", "start_time": "2020-09-22T20:40:00Z", "end_time": "2020-09-22T21:25:00Z", "outcome": "\u7f51\u7edc\u7f16\u7a0b | web server"}}, {"model": "todo.action", "pk": 19, "fields": {"schedule": 11, "task": 2, "status": 2, "create_time": "2020-09-22T00:00:00Z", "update_time": "2020-10-01T02:38:57.719Z", "start_time": "2020-09-22T21:35:00Z", "end_time": "2020-09-22T22:20:00Z", "outcome": "\u7f51\u7edc\u7f16\u7a0b | web server"}}, {"model": "todo.action", "pk": 20, "fields": {"schedule": 11, "task": 2, "status": 2, "create_time": "2020-09-22T00:00:00Z", "update_time": "2020-10-01T02:38:57.720Z", "start_time": "2020-09-22T22:30:00Z", "end_time": "2020-09-22T23:15:00Z", "outcome": "\u7f51\u7edc\u7f16\u7a0b | web framework"}}, {"model": "todo.action", "pk": 21, "fields": {"schedule": 11, "task": 2, "status": 2, "create_time": "2020-09-23T00:00:00Z", "update_time": "2020-10-01T02:38:57.721Z", "start_time": "2020-09-23T12:20:00Z", "end_time": "2020-09-23T13:05:00Z", "outcome": "\u7f51\u7edc\u7f16\u7a0b | rdbms"}}, {"model": "todo.action", "pk": 22, "fields": {"schedule": 11, "task": 2, "status": 2, "create_time": "2020-09-23T00:00:00Z", "update_time": "2020-10-01T02:38:57.722Z", "start_time": "2020-09-23T21:50:00Z", "end_time": "2020-09-23T22:35:00Z", "outcome": "\u7f51\u7edc\u7f16\u7a0b | \u4f4d\u8fd0\u7b97"}}, {"model": "todo.action", "pk": 23, "fields": {"schedule": 11, "task": 2, "status": 2, "create_time": "2020-09-24T00:00:00Z", "update_time": "2020-10-01T02:38:57.723Z", "start_time": "2020-09-24T19:50:00Z", "end_time": "2020-09-24T20:35:00Z", "outcome": "\u722c\u866b | \u6570\u636e\u6293\u53d6"}}, {"model": "todo.action", "pk": 24, "fields": {"schedule": 11, "task": 2, "status": 2, "create_time": "2020-09-24T00:00:00Z", "update_time": "2020-10-01T02:38:57.724Z", "start_time": "2020-09-24T20:35:00Z", "end_time": "2020-09-24T21:20:00Z", "outcome": "\u722c\u866b | re\uff0cxml, json, bs4"}}, {"model": "todo.action", "pk": 25, "fields": {"schedule": 11, "task": 2, "status": 2, "create_time": "2020-09-24T00:00:00Z", "update_time": "2020-10-01T02:38:57.725Z", "start_time": "2020-09-24T21:30:00Z", "end_time": "2020-09-24T22:15:00Z", "outcome": "\u722c\u866b | selenium, phantomjs, tesseract"}}, {"model": "todo.action", "pk": 26, "fields": {"schedule": 11, "task": 2, "status": 2, "create_time": "2020-09-24T00:00:00Z", "update_time": "2020-10-01T02:38:57.726Z", "start_time": "2020-09-24T22:30:00Z", "end_time": "2020-09-24T23:15:00Z", "outcome": "\u722c\u866b | scrapy"}}, {"model": "todo.action", "pk": 27, "fields": {"schedule": 11, "task": 2, "status": 2, "create_time": "2020-09-25T00:00:00Z", "update_time": "2020-10-01T02:38:57.727Z", "start_time": "2020-09-25T12:40:00Z", "end_time": "2020-09-25T13:25:00Z", "outcome": "\u722c\u866b | scrapy-redis"}}, {"model": "todo.action", "pk": 28, "fields": {"schedule": 11, "task": 2, "status": 2, "create_time": "2020-09-25T00:00:00Z", "update_time": "2020-10-01T02:38:57.728Z", "start_time": "2020-09-25T21:35:00Z", "end_time": "2020-09-25T22:20:00Z", "outcome": "\u722c\u866b | scrapy-redis"}}, {"model": "todo.action", "pk": 29, "fields": {"schedule": 11, "task": 8, "status": 2, "create_time": "2020-09-26T00:00:00Z", "update_time": "2020-10-01T02:38:57.730Z", "start_time": "2020-09-26T10:20:00Z", "end_time": "2020-09-26T11:05:00Z", "outcome": "review & interview questions"}}, {"model": "todo.action", "pk": 30, "fields": {"schedule": 11, "task": 7, "status": 2, "create_time": "2020-09-26T00:00:00Z", "update_time": "2020-10-01T02:38:57.732Z", "start_time": "2020-09-26T11:15:00Z", "end_time": "2020-09-26T12:00:00Z", "outcome": "navicat isntall, pandownload"}}, {"model": "todo.action", "pk": 31, "fields": {"schedule": 11, "task": 8, "status": 2, "create_time": "2020-09-26T00:00:00Z", "update_time": "2020-09-26T00:00:00Z", "start_time": "2020-09-26T12:10:00Z", "end_time": "2020-09-26T12:55:00Z", "outcome": "inteview files"}}, {"model": "todo.action", "pk": 32, "fields": {"schedule": 11, "task": 9, "status": 2, "create_time": "2020-09-26T00:00:00Z", "update_time": "2020-09-26T00:00:00Z", "start_time": "2020-09-26T13:05:00Z", "end_time": "2020-09-26T13:30:00Z", "outcome": "algorithm *10"}}, {"model": "todo.action", "pk": 33, "fields": {"schedule": 11, "task": 9, "status": 2, "create_time": "2020-09-26T00:00:00Z", "update_time": "2020-09-26T00:00:00Z", "start_time": "2020-09-26T14:55:00Z", "end_time": "2020-09-26T15:40:00Z", "outcome": "algorithm *10"}}, {"model": "todo.action", "pk": 34, "fields": {"schedule": 11, "task": 9, "status": 2, "create_time": "2020-09-26T00:00:00Z", "update_time": "2020-10-01T02:38:57.733Z", "start_time": "2020-09-26T15:50:00Z", "end_time": "2020-09-26T16:35:00Z", "outcome": "python error top 17"}}, {"model": "todo.action", "pk": 35, "fields": {"schedule": 11, "task": 8, "status": 2, "create_time": "2020-09-26T00:00:00Z", "update_time": "2020-09-26T00:00:00Z", "start_time": "2020-09-26T16:45:00Z", "end_time": "2020-09-26T17:30:00Z", "outcome": "python projects"}}, {"model": "todo.action", "pk": 36, "fields": {"schedule": 11, "task": 5, "status": 2, "create_time": "2020-09-26T00:00:00Z", "update_time": "2020-10-01T02:38:57.734Z", "start_time": "2020-09-26T20:55:00Z", "end_time": "2020-09-26T21:40:00Z", "outcome": "csnote | mysql"}}, {"model": "todo.action", "pk": 37, "fields": {"schedule": 11, "task": 5, "status": 2, "create_time": "2020-09-26T00:00:00Z", "update_time": "2020-10-01T02:38:57.735Z", "start_time": "2020-09-26T21:50:00Z", "end_time": "2020-09-26T22:50:00Z", "outcome": "csnote | mysql"}}, {"model": "todo.action", "pk": 38, "fields": {"schedule": 11, "task": 4, "status": 2, "create_time": "2020-09-27T00:00:00Z", "update_time": "2020-10-01T02:38:57.736Z", "start_time": "2020-09-27T12:30:00Z", "end_time": "2020-09-27T13:15:00Z", "outcome": "csnote | \u6570\u636e\u5e93\u7cfb\u7edf\u539f\u7406"}}, {"model": "todo.action", "pk": 39, "fields": {"schedule": 11, "task": 5, "status": 2, "create_time": "2020-09-27T00:00:00Z", "update_time": "2020-10-01T02:38:57.738Z", "start_time": "2020-09-27T21:15:00Z", "end_time": "2020-09-27T22:00:00Z", "outcome": "csnote | mysql"}}, {"model": "todo.action", "pk": 40, "fields": {"schedule": 11, "task": 5, "status": 2, "create_time": "2020-09-27T00:00:00Z", "update_time": "2020-10-01T02:38:57.739Z", "start_time": "2020-09-27T22:10:00Z", "end_time": "2020-09-27T22:55:00Z", "outcome": "csnote | mysql"}}, {"model": "todo.action", "pk": 41, "fields": {"schedule": 11, "task": 4, "status": 2, "create_time": "2020-09-28T00:00:00Z", "update_time": "2020-10-01T02:38:57.740Z", "start_time": "2020-09-28T12:00:00Z", "end_time": "2020-09-28T12:55:00Z", "outcome": "csnote | \u6570\u636e\u5e93\u7cfb\u7edf\u539f\u7406"}}, {"model": "todo.action", "pk": 42, "fields": {"schedule": 11, "task": 7, "status": 2, "create_time": "2020-09-28T00:00:00Z", "update_time": "2020-10-01T00:39:53.158Z", "start_time": "2020-09-28T20:30:00Z", "end_time": "2020-09-29T01:00:00Z", "outcome": "todo \u8bbe\u8ba1"}}, {"model": "todo.action", "pk": 43, "fields": {"schedule": 23, "task": 16, "status": 2, "create_time": "2020-10-01T02:04:39.446Z", "update_time": "2020-10-01T02:15:03.028Z", "start_time": "2020-09-21T05:00:00Z", "end_time": "2020-09-21T02:30:00Z", "outcome": "dmp | \u89e3\u51b3\u63a8\u9001\u5e73\u53f0 oracle \u6570\u636e\u63d2\u5165\u4e0d\u4e86\u56fe\u7247\u8d44\u6e90\u7684\u95ee\u9898"}}, {"model": "todo.action", "pk": 44, "fields": {"schedule": 23, "task": 16, "status": 2, "create_time": "2020-10-01T02:07:05.591Z", "update_time": "2020-10-01T02:15:03.029Z", "start_time": "2020-09-25T03:00:00Z", "end_time": "2020-09-25T03:30:00Z", "outcome": "ksm | \u5206\u6790\u79fb\u52a8\u7aef\u8bf7\u6c42\u54cd\u5e94\u6162\u95ee\u9898\uff0c\u6307\u5bfc\u5173\u95ed\u79fb\u52a8\u7aef\u56fe\u7247\u8bf7\u6c42"}}, {"model": "todo.action", "pk": 45, "fields": {"schedule": 23, "task": 16, "status": 2, "create_time": "2020-10-01T02:09:08.407Z", "update_time": "2020-10-01T02:15:03.030Z", "start_time": "2020-09-25T08:00:00Z", "end_time": "2020-09-25T08:30:00Z", "outcome": "dmp | \u89e3\u51b3\u63a8\u9001\u5e73\u53f0\u6279\u91cf\u8d44\u8baf\u5b58 sql server \u95f4\u6b47\u6027\u5931\u8d25\u95ee\u9898\uff0c\u6279\u91cf\u63d2\u5165\u5b57\u6bb5\u540d\u79f0\u5fc5\u987b\u5168\u5339\u914d"}}, {"model": "todo.action", "pk": 46, "fields": {"schedule": 23, "task": 20, "status": 2, "create_time": "2020-10-01T02:11:09.156Z", "update_time": "2020-10-01T02:15:37.488Z", "start_time": "2020-09-21T03:00:00Z", "end_time": "2020-09-21T03:30:00Z", "outcome": "\u57fa\u7840 | \u5ba2\u6237\u8d2d\u4e70\u9886\u57df\u6a21\u5757\u6570\u7684\u91cf\u548c\u6bd4\u7387"}}, {"model": "todo.action", "pk": 47, "fields": {"schedule": 23, "task": 18, "status": 2, "create_time": "2020-10-01T02:12:54.757Z", "update_time": "2020-10-01T02:17:05.520Z", "start_time": "2020-09-21T01:00:00Z", "end_time": "2020-09-21T02:00:00Z", "outcome": "ksm-ods | \u7cfb\u7edf\u53ea\u53d6\u661f\u7a7a\u5ba2\u6237\u4fe1\u606f"}}, {"model": "todo.action", "pk": 48, "fields": {"schedule": 23, "task": 22, "status": 2, "create_time": "2020-10-01T02:17:05.522Z", "update_time": "2020-10-01T02:19:31.062Z", "start_time": "2020-09-21T02:00:00Z", "end_time": "2020-09-21T02:30:00Z", "outcome": "dim | \u540c\u540d\u5ba2\u6237\u53ea\u53d6\u4e00\u4e2a\u5ba2\u6237\u4fe1\u606f"}}, {"model": "todo.action", "pk": 49, "fields": {"schedule": 23, "task": 19, "status": 2, "create_time": "2020-10-01T02:18:10.799Z", "update_time": "2020-10-01T02:19:31.063Z", "start_time": "2020-09-22T01:10:00Z", "end_time": "2020-09-22T02:10:00Z", "outcome": "ksm-ods | \u6ee1\u610f\u5ea6\u4e00\u4e2a\u63d0\u5355\u53ea\u7b97\u4e00\u6b21"}}, {"model": "todo.action", "pk": 50, "fields": {"schedule": 23, "task": 19, "status": 2, "create_time": "2020-10-01T02:19:31.065Z", "update_time": "2020-10-01T02:19:31.065Z", "start_time": "2020-09-22T02:10:00Z", "end_time": "2020-09-22T02:30:00Z", "outcome": "dim | \u4fee\u590d\u9519\u8bef\u7684\u90e8\u7f72\u6a21\u5f0f"}}, {"model": "todo.action", "pk": 51, "fields": {"schedule": 23, "task": 21, "status": 2, "create_time": "2020-10-01T02:20:52.941Z", "update_time": "2020-10-01T02:20:52.941Z", "start_time": "2020-09-23T02:00:00Z", "end_time": "2020-09-23T03:00:00Z", "outcome": "\u670d\u52a1\u90e8 | \u9a8c\u8bc1\u8fd0\u7ef4\u6570\u636e\u5e93\u8fde\u63a5\u4fe1\u606f"}}, {"model": "todo.action", "pk": 52, "fields": {"schedule": 23, "task": 21, "status": 2, "create_time": "2020-10-01T02:21:27.413Z", "update_time": "2020-10-01T02:21:27.413Z", "start_time": "2020-09-23T03:00:00Z", "end_time": "2020-09-23T03:30:00Z", "outcome": "\u670d\u52a1\u90e8 | \u6c9f\u901a\u4e8c\u671f\u6570\u636e"}}, {"model": "todo.action", "pk": 53, "fields": {"schedule": 23, "task": 23, "status": 2, "create_time": "2020-10-01T02:29:41.993Z", "update_time": "2020-10-01T02:29:41.993Z", "start_time": "2020-09-21T06:00:00Z", "end_time": "2020-09-21T06:30:00Z", "outcome": "me | \u4e91\u684c\u9762 oracle \u5ba2\u6237\u7aef"}}, {"model": "todo.action", "pk": 54, "fields": {"schedule": 23, "task": 23, "status": 2, "create_time": "2020-10-01T02:30:22.204Z", "update_time": "2020-10-01T02:30:22.204Z", "start_time": "2020-09-22T07:00:00Z", "end_time": "2020-09-22T08:00:00Z", "outcome": "\u718a\u5609 | \u804c\u7ea7\u8bc4\u5ba1"}}, {"model": "todo.action", "pk": 55, "fields": {"schedule": 23, "task": 23, "status": 2, "create_time": "2020-10-01T02:31:02.856Z", "update_time": "2020-10-01T02:31:02.856Z", "start_time": "2020-09-23T01:30:00Z", "end_time": "2020-09-23T02:30:00Z", "outcome": "\u8096\u521a | \u6c9f\u901a\u534e\u4e3a\u4e91\u96c6\u7fa4\u6269\u5bb9"}}, {"model": "todo.action", "pk": 56, "fields": {"schedule": 23, "task": 23, "status": 2, "create_time": "2020-10-01T02:31:41.467Z", "update_time": "2020-10-01T02:31:41.467Z", "start_time": "2020-09-23T05:30:00Z", "end_time": "2020-09-23T05:40:00Z", "outcome": "me | pdm \u5bc6\u7801\u91cd\u7f6e"}}, {"model": "todo.action", "pk": 57, "fields": {"schedule": 24, "task": 28, "status": 2, "create_time": "2020-10-01T08:48:55.328Z", "update_time": "2020-10-01T08:49:50.119Z", "start_time": "2020-10-01T00:00:00Z", "end_time": "2020-10-01T00:30:00Z", "outcome": "\u66f4\u65b0 todo model \u548c adminmodel"}}, {"model": "todo.action", "pk": 58, "fields": {"schedule": 24, "task": 28, "status": 2, "create_time": "2020-10-01T08:49:50.120Z", "update_time": "2020-10-01T13:50:12.782Z", "start_time": "2020-10-01T08:00:00Z", "end_time": "2020-10-01T11:10:00Z", "outcome": "\u8986\u5199\u7ba1\u7406\u7ad9\u70b9\uff0c\u7ed9 models \u5728\u7ba1\u7406\u7ad9\u70b9\u81ea\u5b9a\u4e49\u6392\u5e8f"}}, {"model": "todo.action", "pk": 59, "fields": {"schedule": 24, "task": 24, "status": 2, "create_time": "2020-10-01T13:45:04.664Z", "update_time": "2020-10-01T13:46:54.100Z", "start_time": "2020-10-01T00:30:00Z", "end_time": "2020-10-01T02:00:00Z", "outcome": "\u8fc7\u65e9\uff0c\u4e70\u83dc"}}, {"model": "todo.action", "pk": 60, "fields": {"schedule": 24, "task": 28, "status": 2, "create_time": "2020-10-01T13:46:54.102Z", "update_time": "2020-10-01T13:46:54.102Z", "start_time": "2020-10-01T02:00:00Z", "end_time": "2020-10-01T03:00:00Z", "outcome": "\u66f4\u65b0 todo model \u548c adminmodel"}}, {"model": "todo.action", "pk": 61, "fields": {"schedule": 24, "task": 24, "status": 2, "create_time": "2020-10-01T13:48:14.716Z", "update_time": "2020-10-01T13:48:14.716Z", "start_time": "2020-10-01T03:00:00Z", "end_time": "2020-10-01T05:30:00Z", "outcome": "\u505a\u996d\u5403\u996d"}}, {"model": "todo.action", "pk": 62, "fields": {"schedule": 24, "task": 27, "status": 2, "create_time": "2020-10-01T13:53:13.637Z", "update_time": "2020-10-01T13:53:13.637Z", "start_time": "2020-10-01T11:10:00Z", "end_time": "2020-10-01T13:10:00Z", "outcome": "\u8d85\u5e02\u8d2d\u7269"}}, {"model": "todo.action", "pk": 63, "fields": {"schedule": 24, "task": 28, "status": 2, "create_time": "2020-10-01T13:54:48.195Z", "update_time": "2020-10-01T14:36:36.718Z", "start_time": "2020-10-01T13:10:00Z", "end_time": "2020-10-01T14:35:00Z", "outcome": "\u6dfb\u52a0\u8017\u65f6\u5217\u663e\u793a"}}, {"model": "todo.action", "pk": 65, "fields": {"schedule": 24, "task": 28, "status": 2, "create_time": "2020-10-02T09:56:28.968Z", "update_time": "2020-10-02T09:56:28.968Z", "start_time": "2020-10-02T00:30:00Z", "end_time": "2020-10-02T03:00:00Z", "outcome": "Todo nginx, apache \u90e8\u7f72\u5931\u8d25"}}, {"model": "todo.action", "pk": 66, "fields": {"schedule": 24, "task": 24, "status": 2, "create_time": "2020-10-02T09:57:02.063Z", "update_time": "2020-10-02T09:57:02.063Z", "start_time": "2020-10-02T03:00:00Z", "end_time": "2020-10-02T05:30:00Z", "outcome": "\u505a\u996d\u5403\u996d"}}, {"model": "todo.action", "pk": 67, "fields": {"schedule": 24, "task": 28, "status": 2, "create_time": "2020-10-02T09:57:29.366Z", "update_time": "2020-10-02T09:57:58.015Z", "start_time": "2020-10-02T07:30:00Z", "end_time": "2020-10-02T09:57:00Z", "outcome": "Todo IIS \u90e8\u7f72"}}, {"model": "todo.action", "pk": 68, "fields": {"schedule": 24, "task": 5, "status": 1, "create_time": "2020-10-02T09:59:01.919Z", "update_time": "2020-10-02T09:59:01.919Z", "start_time": "2020-10-02T09:57:00Z", "end_time": "2020-10-02T09:57:00Z", "outcome": "rdbms\u3001mysql \u590d\u4e60"}}]